{
    "projects": [
        {
            "projectName": "OpenSource",
            "repos": [
                {
                    "localPath": "E:\\Projects\\Web\\OpenSource\\anti-cheating",
                    "key": 1718386511295,
                    "repoName": "anti-cheating",
                    "remote": "",
                    "branch": "获取失败",
                    "status": "获取失败",
                    "isPullLoading": false
                },
                {
                    "localPath": "E:\\Projects\\Web\\OpenSource\\AutoX",
                    "key": 1718386511295,
                    "repoName": "AutoX",
                    "remote": "",
                    "branch": "获取失败",
                    "status": "获取失败",
                    "isPullLoading": false
                },
                {
                    "localPath": "E:\\Projects\\Web\\OpenSource\\Awesome-Love-Code",
                    "key": 1718386511295,
                    "repoName": "Awesome-Love-Code",
                    "remote": "",
                    "branch": "获取失败",
                    "status": "获取失败",
                    "isPullLoading": false
                },
                {
                    "localPath": "E:\\Projects\\Web\\OpenSource\\bing-wallpaper",
                    "key": 1718386511295,
                    "repoName": "bing-wallpaper",
                    "remote": "",
                    "branch": "获取失败",
                    "status": "获取失败",
                    "isPullLoading": false
                },
                {
                    "localPath": "E:\\Projects\\Web\\OpenSource\\browser",
                    "key": 1718386511295,
                    "repoName": "browser",
                    "remote": "",
                    "branch": "获取失败",
                    "status": "获取失败",
                    "isPullLoading": false
                },
                {
                    "localPath": "E:\\Projects\\Web\\OpenSource\\calculator",
                    "key": 1718386511295,
                    "repoName": "calculator",
                    "remote": "",
                    "branch": "获取失败",
                    "status": "获取失败",
                    "isPullLoading": false
                },
                {
                    "localPath": "E:\\Projects\\Web\\OpenSource\\calendar",
                    "key": 1718386511295,
                    "repoName": "calendar",
                    "remote": "",
                    "branch": "获取失败",
                    "status": "获取失败",
                    "isPullLoading": false
                },
                {
                    "localPath": "E:\\Projects\\Web\\OpenSource\\chinese-transverter",
                    "key": 1718386511295,
                    "repoName": "chinese-transverter",
                    "remote": "",
                    "branch": "获取失败",
                    "status": "获取失败",
                    "isPullLoading": false
                },
                {
                    "localPath": "E:\\Projects\\Web\\OpenSource\\DailyHotApi",
                    "key": 1718386511295,
                    "repoName": "DailyHotApi",
                    "remote": "",
                    "branch": "获取失败",
                    "status": "获取失败",
                    "isPullLoading": false
                },
                {
                    "localPath": "E:\\Projects\\Web\\OpenSource\\Debugtron",
                    "key": 1718386511295,
                    "repoName": "Debugtron",
                    "remote": "",
                    "branch": "获取失败",
                    "status": "获取失败",
                    "isPullLoading": false
                },
                {
                    "localPath": "E:\\Projects\\Web\\OpenSource\\electron-hot-updater",
                    "key": 1718386511295,
                    "repoName": "electron-hot-updater",
                    "remote": "",
                    "branch": "获取失败",
                    "status": "获取失败",
                    "isPullLoading": false
                },
                {
                    "localPath": "E:\\Projects\\Web\\OpenSource\\encoder",
                    "key": 1718386511295,
                    "repoName": "encoder",
                    "remote": "",
                    "branch": "获取失败",
                    "status": "获取失败",
                    "isPullLoading": false
                },
                {
                    "localPath": "E:\\Projects\\Web\\OpenSource\\fancy-icon",
                    "key": 1718386511295,
                    "repoName": "fancy-icon",
                    "remote": "",
                    "branch": "获取失败",
                    "status": "获取失败",
                    "isPullLoading": false
                },
                {
                    "localPath": "E:\\Projects\\Web\\OpenSource\\flowtime.js",
                    "key": 1718386511295,
                    "repoName": "flowtime.js",
                    "remote": "",
                    "branch": "获取失败",
                    "status": "获取失败",
                    "isPullLoading": false
                },
                {
                    "localPath": "E:\\Projects\\Web\\OpenSource\\front-end-note",
                    "key": 1718386511295,
                    "repoName": "front-end-note",
                    "remote": "",
                    "branch": "获取失败",
                    "status": "获取失败",
                    "isPullLoading": false
                },
                {
                    "localPath": "E:\\Projects\\Web\\OpenSource\\home",
                    "key": 1718386511295,
                    "repoName": "home",
                    "remote": "",
                    "branch": "获取失败",
                    "status": "获取失败",
                    "isPullLoading": false
                },
                {
                    "localPath": "E:\\Projects\\Web\\OpenSource\\html5player",
                    "key": 1718386511295,
                    "repoName": "html5player",
                    "remote": "",
                    "branch": "获取失败",
                    "status": "获取失败",
                    "isPullLoading": false
                },
                {
                    "localPath": "E:\\Projects\\Web\\OpenSource\\it-tools",
                    "key": 1718386511295,
                    "repoName": "it-tools",
                    "remote": "",
                    "branch": "获取失败",
                    "status": "获取失败",
                    "isPullLoading": false
                },
                {
                    "localPath": "E:\\Projects\\Web\\OpenSource\\lan-scan",
                    "key": 1718386511295,
                    "repoName": "lan-scan",
                    "remote": "",
                    "branch": "获取失败",
                    "status": "获取失败",
                    "isPullLoading": false
                },
                {
                    "localPath": "E:\\Projects\\Web\\OpenSource\\moon-web-start",
                    "key": 1718386511295,
                    "repoName": "moon-web-start",
                    "remote": "",
                    "branch": "获取失败",
                    "status": "获取失败",
                    "isPullLoading": false
                },
                {
                    "localPath": "E:\\Projects\\Web\\OpenSource\\NetCtoss",
                    "key": 1718386511295,
                    "repoName": "NetCtoss",
                    "remote": "",
                    "branch": "获取失败",
                    "status": "获取失败",
                    "isPullLoading": false
                },
                {
                    "localPath": "E:\\Projects\\Web\\OpenSource\\ng-devui",
                    "key": 1718386511295,
                    "repoName": "ng-devui",
                    "remote": "",
                    "branch": "获取失败",
                    "status": "获取失败",
                    "isPullLoading": false
                },
                {
                    "localPath": "E:\\Projects\\Web\\OpenSource\\ng-devui-admin",
                    "key": 1718386511295,
                    "repoName": "ng-devui-admin",
                    "remote": "",
                    "branch": "获取失败",
                    "status": "获取失败",
                    "isPullLoading": false
                },
                {
                    "localPath": "E:\\Projects\\Web\\OpenSource\\OneNav",
                    "key": 1718386511295,
                    "repoName": "OneNav",
                    "remote": "",
                    "branch": "获取失败",
                    "status": "获取失败",
                    "isPullLoading": false
                },
                {
                    "localPath": "E:\\Projects\\Web\\OpenSource\\periodic-table",
                    "key": 1718386511295,
                    "repoName": "periodic-table",
                    "remote": "",
                    "branch": "获取失败",
                    "status": "获取失败",
                    "isPullLoading": false
                },
                {
                    "localPath": "E:\\Projects\\Web\\OpenSource\\random-number",
                    "key": 1718386511295,
                    "repoName": "random-number",
                    "remote": "",
                    "branch": "获取失败",
                    "status": "获取失败",
                    "isPullLoading": false
                },
                {
                    "localPath": "E:\\Projects\\Web\\OpenSource\\react-devui",
                    "key": 1718386511295,
                    "repoName": "react-devui",
                    "remote": "",
                    "branch": "获取失败",
                    "status": "获取失败",
                    "isPullLoading": false
                },
                {
                    "localPath": "E:\\Projects\\Web\\OpenSource\\reference",
                    "key": 1718386511295,
                    "repoName": "reference",
                    "remote": "",
                    "branch": "获取失败",
                    "status": "获取失败",
                    "isPullLoading": false
                },
                {
                    "localPath": "E:\\Projects\\Web\\OpenSource\\sign_script",
                    "key": 1718386511295,
                    "repoName": "sign_script",
                    "remote": "",
                    "branch": "获取失败",
                    "status": "获取失败",
                    "isPullLoading": false
                },
                {
                    "localPath": "E:\\Projects\\Web\\OpenSource\\site-status",
                    "key": 1718386511295,
                    "repoName": "site-status",
                    "remote": "",
                    "branch": "获取失败",
                    "status": "获取失败",
                    "isPullLoading": false
                },
                {
                    "localPath": "E:\\Projects\\Web\\OpenSource\\Snavigation",
                    "key": 1718386511295,
                    "repoName": "Snavigation",
                    "remote": "",
                    "branch": "获取失败",
                    "status": "获取失败",
                    "isPullLoading": false
                },
                {
                    "localPath": "E:\\Projects\\Web\\OpenSource\\SPlayer",
                    "key": 1718386511295,
                    "repoName": "SPlayer",
                    "remote": "",
                    "branch": "获取失败",
                    "status": "获取失败",
                    "isPullLoading": false
                },
                {
                    "localPath": "E:\\Projects\\Web\\OpenSource\\ticket-grabbing",
                    "key": 1718386511295,
                    "repoName": "ticket-grabbing",
                    "remote": "",
                    "branch": "获取失败",
                    "status": "获取失败",
                    "isPullLoading": false
                },
                {
                    "localPath": "E:\\Projects\\Web\\OpenSource\\tiny-ng",
                    "key": 1718386511295,
                    "repoName": "tiny-ng",
                    "remote": "",
                    "branch": "获取失败",
                    "status": "获取失败",
                    "isPullLoading": false
                },
                {
                    "localPath": "E:\\Projects\\Web\\OpenSource\\tiny-vue",
                    "key": 1718386511295,
                    "repoName": "tiny-vue",
                    "remote": "",
                    "branch": "获取失败",
                    "status": "获取失败",
                    "isPullLoading": false
                },
                {
                    "localPath": "E:\\Projects\\Web\\OpenSource\\ToolsApi",
                    "key": 1718386511295,
                    "repoName": "ToolsApi",
                    "remote": "",
                    "branch": "获取失败",
                    "status": "获取失败",
                    "isPullLoading": false
                },
                {
                    "localPath": "E:\\Projects\\Web\\OpenSource\\tools-library",
                    "key": 1718386511295,
                    "repoName": "tools-library",
                    "remote": "",
                    "branch": "获取失败",
                    "status": "获取失败",
                    "isPullLoading": false
                },
                {
                    "localPath": "E:\\Projects\\Web\\OpenSource\\vue-devui",
                    "key": 1718386511295,
                    "repoName": "vue-devui",
                    "remote": "",
                    "branch": "获取失败",
                    "status": "获取失败",
                    "isPullLoading": false
                },
                {
                    "localPath": "E:\\Projects\\Web\\OpenSource\\widget-code",
                    "key": 1718386511295,
                    "repoName": "widget-code",
                    "remote": "",
                    "branch": "获取失败",
                    "status": "获取失败",
                    "isPullLoading": false
                },
                {
                    "localPath": "E:\\Projects\\Web\\OpenSource\\widget-qrcode",
                    "key": 1718386511295,
                    "repoName": "widget-qrcode",
                    "remote": "",
                    "branch": "获取失败",
                    "status": "获取失败",
                    "isPullLoading": false
                },
                {
                    "localPath": "E:\\Projects\\Web\\OpenSource\\wifi-name",
                    "key": 1718386511295,
                    "repoName": "wifi-name",
                    "remote": "",
                    "branch": "获取失败",
                    "status": "获取失败",
                    "isPullLoading": false
                }
            ],
            "isEdit": false
        }
    ]
}